TAXON	ORDER	FAMILY	HYP	LOP	FCT_HOD	FCT_AL	FCT_OL	FCT_SF	FCT_OT	FCT_CM	last_checked	last_update
Antilocapra americana	Artiodactyla	Antilocapridae	3	2	1	0	1	0	0	0	NA	NA
Addax nasomaculatus	Artiodactyla	Bovidae	3	2	1	0	1	1	0	0	NA	NA
Aepyceros melampus	Artiodactyla	Bovidae	3	2	1	0	1	0	0	0	NA	NA
Alcelaphus buselaphus	Artiodactyla	Bovidae	3	2	1	0	1	0	1	0	NA	NA
Alcelaphus caama	Artiodactyla	Bovidae	3	NA	1	0	1	0	1	0	NA	NA
Alcelaphus lichtensteinii	Artiodactyla	Bovidae	3	2	1	0	1	0	1	0	NA	NA
Ammodorcas clarkei	Artiodactyla	Bovidae	1	2	1	0	1	0	0	0	NA	NA
Ammotragus lervia	Artiodactyla	Bovidae	3	2	1	0	1	0	0	0	NA	NA
Antidorcas marsupialis	Artiodactyla	Bovidae	3	2	1	0	1	0	0	0	NA	NA
Antilope cervicapra	Artiodactyla	Bovidae	3	2	1	0	1	0	0	0	NA	NA
Beatragus hunteri	Artiodactyla	Bovidae	3	2	1	0	1	0	1	0	NA	NA
Bison bison	Artiodactyla	Bovidae	3	2	1	0	1	0	1	0	NA	NA
Bison bonasus	Artiodactyla	Bovidae	3	2	1	0	1	0	1	0	NA	NA
Bos frontalis	Artiodactyla	Bovidae	3	2	1	0	1	0	1	1	NA	NA
Bos grunniens	Artiodactyla	Bovidae	3	2	1	0	1	0	1	1	NA	NA
Bos javanicus	Artiodactyla	Bovidae	3	2	1	0	1	0	1	1	NA	NA
Bos sauveli	Artiodactyla	Bovidae	3	2	1	0	1	0	1	1	NA	NA
Bos taurus	Artiodactyla	Bovidae	3	2	1	0	1	0	1	1	NA	NA
Boselaphus tragocamelus	Artiodactyla	Bovidae	3	2	1	0	1	0	0	0	NA	NA
Bubalus bubalis	Artiodactyla	Bovidae	3	2	1	0	1	0	1	1	NA	NA
Bubalus depressicornis	Artiodactyla	Bovidae	3	2	1	0	1	0	1	1	NA	NA
Bubalus mindorensis	Artiodactyla	Bovidae	3	2	1	0	1	0	1	1	NA	NA
Bubalus quarlesi	Artiodactyla	Bovidae	3	2	1	0	1	0	1	1	NA	NA
Budorcas taxicolor	Artiodactyla	Bovidae	3	2	1	0	1	0	0	0	NA	NA
Capra caucasica	Artiodactyla	Bovidae	3	2	1	0	1	0	0	0	NA	NA
Capra cylindricornis	Artiodactyla	Bovidae	3	NA	1	0	1	0	0	0	NA	NA
Capra falconeri	Artiodactyla	Bovidae	3	2	1	0	1	0	0	0	NA	NA
Capra hircus	Artiodactyla	Bovidae	3	2	1	0	1	0	0	0	NA	NA
Capra ibex	Artiodactyla	Bovidae	3	2	1	0	1	0	0	0	NA	NA
Capra nubiana	Artiodactyla	Bovidae	3	2	1	0	1	0	0	0	NA	NA
Capra pyrenaica	Artiodactyla	Bovidae	3	2	1	0	1	0	0	0	NA	NA
Capra sibirica	Artiodactyla	Bovidae	3	2	1	0	1	0	0	0	NA	NA
Capra walie	Artiodactyla	Bovidae	3	2	1	0	1	0	0	0	NA	NA
Capricornis crispus	Artiodactyla	Bovidae	3	2	1	0	1	0	0	0	NA	NA
Capricornis milneedwardsii	Artiodactyla	Bovidae	3	NA	1	0	1	0	0	0	NA	NA
Capricornis rubidus	Artiodactyla	Bovidae	3	NA	1	0	1	0	0	0	NA	NA
Capricornis sumatraensis	Artiodactyla	Bovidae	3	2	1	0	1	0	0	0	NA	NA
Capricornis swinhoei	Artiodactyla	Bovidae	2	2	1	0	1	0	0	0	NA	NA
Capricornis thar	Artiodactyla	Bovidae	3	NA	1	0	1	0	0	0	NA	NA
Cephalophus adersi	Artiodactyla	Bovidae	2	2	1	0	1	1	0	0	NA	NA
Cephalophus brookei	Artiodactyla	Bovidae	2	NA	1	0	1	1	0	0	NA	NA
Cephalophus callipygus	Artiodactyla	Bovidae	2	2	1	0	1	1	0	0	NA	NA
Cephalophus dorsalis	Artiodactyla	Bovidae	2	2	1	0	1	1	0	0	NA	NA
Cephalophus harveyi	Artiodactyla	Bovidae	2	2	1	0	1	1	0	0	NA	NA
Cephalophus jentinki	Artiodactyla	Bovidae	2	2	1	0	1	1	0	0	NA	NA
Cephalophus leucogaster	Artiodactyla	Bovidae	2	2	1	0	1	1	0	0	NA	NA
Cephalophus maxwellii	Artiodactyla	Bovidae	1	NA	1	0	1	0	0	0	NA	NA
Cephalophus natalensis	Artiodactyla	Bovidae	2	2	1	0	1	1	0	0	NA	NA
Cephalophus niger	Artiodactyla	Bovidae	2	2	1	0	1	1	0	0	NA	NA
Cephalophus nigrifrons	Artiodactyla	Bovidae	2	2	1	0	1	1	0	0	NA	NA
Cephalophus ogilbyi	Artiodactyla	Bovidae	2	2	1	0	1	1	0	0	NA	NA
Cephalophus rufilatus	Artiodactyla	Bovidae	2	2	1	0	1	1	0	0	NA	NA
Cephalophus silvicultor	Artiodactyla	Bovidae	2	2	1	0	1	1	0	0	NA	NA
Cephalophus spadix	Artiodactyla	Bovidae	2	2	1	0	1	1	0	0	NA	NA
Cephalophus weynsi	Artiodactyla	Bovidae	2	2	1	0	1	1	0	0	NA	NA
Cephalophus zebra	Artiodactyla	Bovidae	2	2	1	0	1	1	0	0	NA	NA
Connochaetes gnou	Artiodactyla	Bovidae	3	2	1	0	1	0	1	0	NA	NA
Connochaetes taurinus	Artiodactyla	Bovidae	3	2	1	0	1	0	1	0	NA	NA
Damaliscus korrigum	Artiodactyla	Bovidae	3	2	1	0	1	0	1	0	NA	NA
Damaliscus lunatus	Artiodactyla	Bovidae	3	2	1	0	1	0	1	0	NA	NA
Damaliscus pygargus	Artiodactyla	Bovidae	3	2	1	0	1	0	1	0	NA	NA
Damaliscus superstes	Artiodactyla	Bovidae	3	NA	1	0	1	0	1	0	NA	NA
Dorcatragus megalotis	Artiodactyla	Bovidae	3	2	1	0	1	0	0	0	NA	NA
Eudorcas rufifrons	Artiodactyla	Bovidae	3	2	1	0	1	0	0	0	NA	NA
Eudorcas rufina	Artiodactyla	Bovidae	3	2	1	0	1	0	0	0	NA	NA
Eudorcas thomsonii	Artiodactyla	Bovidae	3	2	1	0	1	0	0	0	NA	NA
Gazella arabica	Artiodactyla	Bovidae	3	2	1	0	1	0	0	0	NA	NA
Gazella bennettii	Artiodactyla	Bovidae	3	2	1	0	1	0	0	0	NA	NA
Gazella cuvieri	Artiodactyla	Bovidae	2	2	1	0	1	0	0	0	NA	NA
Gazella dorcas	Artiodactyla	Bovidae	3	2	1	0	1	0	0	0	NA	NA
Gazella erlangeri	Artiodactyla	Bovidae	3	NA	1	0	1	0	0	0	NA	NA
Gazella gazella	Artiodactyla	Bovidae	2	2	1	0	1	0	0	0	NA	NA
Gazella leptoceros	Artiodactyla	Bovidae	3	2	1	0	1	0	0	0	NA	NA
Gazella saudiya	Artiodactyla	Bovidae	3	2	1	0	1	0	0	0	NA	NA
Gazella spekei	Artiodactyla	Bovidae	3	2	1	0	1	0	0	0	NA	NA
Gazella subgutturosa	Artiodactyla	Bovidae	3	2	1	0	1	0	0	0	NA	NA
Hemitragus hylocrius	Artiodactyla	Bovidae	3	2	1	0	1	0	0	0	NA	NA
Hemitragus jayakari	Artiodactyla	Bovidae	3	2	1	0	1	0	0	0	NA	NA
Hemitragus jemlahicus	Artiodactyla	Bovidae	3	2	1	0	1	0	0	0	NA	NA
Hippotragus equinus	Artiodactyla	Bovidae	3	2	1	0	1	1	0	0	NA	NA
Hippotragus leucophaeus	Artiodactyla	Bovidae	3	2	1	0	1	1	0	0	NA	NA
Hippotragus niger	Artiodactyla	Bovidae	3	2	1	0	1	1	0	0	NA	NA
Kobus ellipsiprymnus	Artiodactyla	Bovidae	3	2	1	0	1	1	0	0	NA	NA
Kobus kob	Artiodactyla	Bovidae	3	2	1	0	1	1	0	1	NA	NA
Kobus leche	Artiodactyla	Bovidae	3	2	1	0	1	1	0	1	NA	NA
Kobus megaceros	Artiodactyla	Bovidae	3	2	1	0	1	1	0	0	NA	NA
Kobus vardonii	Artiodactyla	Bovidae	3	2	1	0	1	1	0	0	NA	NA
Litocranius walleri	Artiodactyla	Bovidae	2	2	1	0	1	0	0	0	NA	NA
Madoqua guentheri	Artiodactyla	Bovidae	2	2	1	0	1	0	0	0	NA	NA
Madoqua kirkii	Artiodactyla	Bovidae	2	2	1	0	1	0	0	0	NA	NA
Madoqua piacentinii	Artiodactyla	Bovidae	2	2	1	0	1	0	0	0	NA	NA
Madoqua saltiana	Artiodactyla	Bovidae	2	2	1	0	1	0	0	0	NA	NA
Naemorhedus baileyi	Artiodactyla	Bovidae	3	2	1	0	1	0	0	0	NA	NA
Naemorhedus caudatus	Artiodactyla	Bovidae	3	2	1	0	1	0	0	0	NA	NA
Naemorhedus goral	Artiodactyla	Bovidae	3	2	1	0	1	0	0	0	NA	NA
Naemorhedus griseus	Artiodactyla	Bovidae	3	NA	1	0	1	0	0	0	NA	NA
Naemorhedus sumatraensis	Artiodactyla	Bovidae	3	NA	1	0	1	0	0	0	NA	NA
Nanger dama	Artiodactyla	Bovidae	3	2	1	0	1	0	0	0	NA	NA
Nanger granti	Artiodactyla	Bovidae	3	2	1	0	1	0	0	0	NA	NA
Nanger soemmerringii	Artiodactyla	Bovidae	3	2	1	0	1	0	0	0	NA	NA
Neotragus batesi	Artiodactyla	Bovidae	2	2	1	0	1	0	0	0	NA	NA
Neotragus moschatus	Artiodactyla	Bovidae	2	2	1	0	1	0	0	0	NA	NA
Neotragus pygmaeus	Artiodactyla	Bovidae	2	2	1	0	1	0	0	0	NA	NA
Oreamnos americanus	Artiodactyla	Bovidae	3	2	1	0	1	0	0	0	NA	NA
Oreotragus oreotragus	Artiodactyla	Bovidae	3	2	1	0	1	0	0	0	NA	NA
Oryx beisa	Artiodactyla	Bovidae	3	2	1	0	1	1	1	0	NA	NA
Oryx dammah	Artiodactyla	Bovidae	3	2	1	0	1	1	0	0	NA	NA
Oryx gazella	Artiodactyla	Bovidae	3	2	1	0	1	1	0	0	NA	NA
Oryx leucoryx	Artiodactyla	Bovidae	3	2	1	0	1	1	0	0	NA	NA
Ourebia ourebi	Artiodactyla	Bovidae	3	2	1	0	1	0	0	0	NA	NA
Ovibos moschatus	Artiodactyla	Bovidae	3	2	1	0	1	0	0	0	NA	NA
Ovis ammon	Artiodactyla	Bovidae	3	2	1	0	1	0	0	0	NA	NA
Ovis aries	Artiodactyla	Bovidae	3	2	1	0	1	0	0	0	NA	NA
Ovis canadensis	Artiodactyla	Bovidae	3	2	1	0	1	0	0	0	NA	NA
Ovis dalli	Artiodactyla	Bovidae	3	2	1	0	1	0	0	0	NA	NA
Ovis nivicola	Artiodactyla	Bovidae	3	2	1	0	1	0	0	0	NA	NA
Pantholops hodgsonii	Artiodactyla	Bovidae	3	2	1	0	1	0	0	0	NA	NA
Pelea capreolus	Artiodactyla	Bovidae	3	2	1	0	1	1	0	0	NA	NA
Philantomba maxwellii	Artiodactyla	Bovidae	1	2	1	0	1	0	0	0	NA	NA
Philantomba monticola	Artiodactyla	Bovidae	1	2	1	0	1	0	0	0	NA	NA
Procapra gutturosa	Artiodactyla	Bovidae	3	2	1	0	1	0	0	0	NA	NA
Procapra picticaudata	Artiodactyla	Bovidae	3	2	1	0	1	0	0	0	NA	NA
Procapra przewalskii	Artiodactyla	Bovidae	3	2	1	0	1	0	0	0	NA	NA
Pseudois nayaur	Artiodactyla	Bovidae	3	2	1	0	1	0	0	0	NA	NA
Pseudois schaeferi	Artiodactyla	Bovidae	3	2	1	0	1	0	0	0	NA	NA
Pseudoryx nghetinhensis	Artiodactyla	Bovidae	NA	NA	NA	NA	NA	NA	NA	NA	NA	NA
Raphicerus campestris	Artiodactyla	Bovidae	3	2	1	0	1	0	0	0	NA	NA
Raphicerus melanotis	Artiodactyla	Bovidae	3	2	1	0	1	0	0	0	NA	NA
Raphicerus sharpei	Artiodactyla	Bovidae	3	2	1	0	1	0	0	0	NA	NA
Redunca arundinum	Artiodactyla	Bovidae	3	2	1	0	1	1	0	1	NA	NA
Redunca fulvorufula	Artiodactyla	Bovidae	3	2	1	0	1	1	0	1	NA	NA
Redunca redunca	Artiodactyla	Bovidae	3	2	1	0	1	1	0	1	NA	NA
Rupicapra pyrenaica	Artiodactyla	Bovidae	3	2	1	0	1	0	0	0	NA	NA
Rupicapra rupicapra	Artiodactyla	Bovidae	3	2	1	0	1	0	0	0	NA	NA
Saiga borealis	Artiodactyla	Bovidae	3	NA	1	0	1	0	0	0	NA	NA
Saiga tatarica	Artiodactyla	Bovidae	3	2	1	0	1	0	0	0	NA	NA
Sylvicapra grimmia	Artiodactyla	Bovidae	2	2	1	0	1	0	0	0	NA	NA
Syncerus caffer	Artiodactyla	Bovidae	3	2	1	0	1	0	1	0	NA	NA
Taurotragus derbianus	Artiodactyla	Bovidae	3	2	1	0	1	0	0	0	NA	NA
Taurotragus oryx	Artiodactyla	Bovidae	3	2	1	0	1	0	0	0	NA	NA
Tetracerus quadricornis	Artiodactyla	Bovidae	3	2	1	0	1	0	0	0	NA	NA
Tragelaphus angasii	Artiodactyla	Bovidae	2	2	1	0	1	0	0	0	NA	NA
Tragelaphus buxtoni	Artiodactyla	Bovidae	1	2	1	0	1	0	0	0	NA	NA
Tragelaphus eurycerus	Artiodactyla	Bovidae	2	2	1	0	1	0	0	0	NA	NA
Tragelaphus imberbis	Artiodactyla	Bovidae	2	2	1	0	1	0	0	0	NA	NA
Tragelaphus scriptus	Artiodactyla	Bovidae	2	2	1	0	1	0	0	0	NA	NA
Tragelaphus spekii	Artiodactyla	Bovidae	2	2	1	0	1	0	0	0	NA	NA
Tragelaphus strepsiceros	Artiodactyla	Bovidae	2	2	1	0	1	0	0	0	NA	NA
Camelus bactrianus	Artiodactyla	Camelidae	3	2	1	0	1	0	0	0	NA	NA
Camelus dromedarius	Artiodactyla	Camelidae	3	2	1	0	1	0	0	0	NA	NA
Lama glama	Artiodactyla	Camelidae	3	2	1	0	1	0	0	0	NA	NA
Lama guanicoe	Artiodactyla	Camelidae	3	NA	1	0	1	0	0	0	NA	NA
Lama pacos	Artiodactyla	Camelidae	3	NA	1	0	1	0	0	0	NA	NA
Vicugna vicugna	Artiodactyla	Camelidae	3	2	1	0	1	0	0	0	NA	NA
Alces alces	Artiodactyla	Cervidae	1	2	1	0	1	0	0	0	NA	NA
Alces americanus	Artiodactyla	Cervidae	1	NA	1	0	1	0	0	0	NA	NA
Axis axis	Artiodactyla	Cervidae	2	2	1	0	1	1	0	0	NA	NA
Axis calamianensis	Artiodactyla	Cervidae	2	2	1	0	1	1	0	0	NA	NA
Axis kuhlii	Artiodactyla	Cervidae	2	2	1	0	1	1	0	0	NA	NA
Axis porcinus	Artiodactyla	Cervidae	2	2	1	0	1	1	0	0	NA	NA
Blastocerus dichotomus	Artiodactyla	Cervidae	1	2	1	0	1	0	0	0	NA	NA
Capreolus capreolus	Artiodactyla	Cervidae	1	2	1	0	1	0	0	0	NA	NA
Capreolus pygargus	Artiodactyla	Cervidae	1	2	1	0	1	0	0	0	NA	NA
Cervus duvaucelii	Artiodactyla	Cervidae	2	NA	1	0	1	1	0	0	NA	NA
Cervus elaphus	Artiodactyla	Cervidae	2	2	1	0	1	1	0	0	NA	NA
Cervus nippon	Artiodactyla	Cervidae	2	2	1	0	1	1	0	0	NA	NA
Dama dama	Artiodactyla	Cervidae	1	2	1	0	1	0	0	0	NA	NA
Dama mesopotamica	Artiodactyla	Cervidae	1	NA	1	0	1	0	0	0	NA	NA
Elaphodus cephalophus	Artiodactyla	Cervidae	1	2	1	0	1	1	0	0	NA	NA
Elaphurus davidianus	Artiodactyla	Cervidae	1	2	1	0	1	1	0	0	NA	NA
Hippocamelus antisensis	Artiodactyla	Cervidae	1	2	1	0	1	0	0	0	NA	NA
Hippocamelus bisulcus	Artiodactyla	Cervidae	1	2	1	0	1	0	0	0	NA	NA
Hydropotes inermis	Artiodactyla	Cervidae	1	2	1	0	1	0	0	0	NA	NA
Mazama americana	Artiodactyla	Cervidae	1	2	1	0	1	0	0	0	NA	NA
Mazama bororo	Artiodactyla	Cervidae	1	NA	1	0	1	0	0	0	NA	NA
Mazama bricenii	Artiodactyla	Cervidae	1	2	1	0	1	0	0	0	NA	NA
Mazama chunyi	Artiodactyla	Cervidae	1	2	1	0	1	0	0	0	NA	NA
Mazama gouazoubira	Artiodactyla	Cervidae	1	2	1	0	1	0	0	0	NA	NA
Mazama nana	Artiodactyla	Cervidae	1	2	1	0	1	0	0	0	NA	NA
Mazama pandora	Artiodactyla	Cervidae	1	NA	1	0	1	0	0	0	NA	NA
Mazama rufina	Artiodactyla	Cervidae	1	2	1	0	1	0	0	0	NA	NA
Mazama temama	Artiodactyla	Cervidae	1	NA	1	0	1	0	0	0	NA	NA
Muntiacus atherodes	Artiodactyla	Cervidae	1	2	1	0	1	0	0	0	NA	NA
Muntiacus crinifrons	Artiodactyla	Cervidae	1	2	1	0	1	0	0	0	NA	NA
Muntiacus feae	Artiodactyla	Cervidae	1	2	1	0	1	0	0	0	NA	NA
Muntiacus gongshanensis	Artiodactyla	Cervidae	1	2	1	0	1	0	0	0	NA	NA
Muntiacus muntjak	Artiodactyla	Cervidae	1	2	1	0	1	0	0	0	NA	NA
Muntiacus puhoatensis	Artiodactyla	Cervidae	1	NA	1	0	1	0	0	0	NA	NA
Muntiacus putaoensis	Artiodactyla	Cervidae	1	NA	1	0	1	0	0	0	NA	NA
Muntiacus reevesi	Artiodactyla	Cervidae	1	2	1	0	1	0	0	0	NA	NA
Muntiacus rooseveltorum	Artiodactyla	Cervidae	1	2	1	0	1	0	0	0	NA	NA
Muntiacus truongsonensis	Artiodactyla	Cervidae	1	NA	1	0	1	0	0	0	NA	NA
Muntiacus vuquangensis	Artiodactyla	Cervidae	1	NA	1	0	1	0	0	0	NA	NA
Odocoileus hemionus	Artiodactyla	Cervidae	1	2	1	0	1	0	0	0	NA	NA
Odocoileus virginianus	Artiodactyla	Cervidae	1	2	1	0	1	0	0	0	NA	NA
Ozotoceros bezoarticus	Artiodactyla	Cervidae	1	2	1	0	1	0	0	0	NA	NA
Przewalskium albirostris	Artiodactyla	Cervidae	2	2	1	0	1	1	0	0	NA	NA
Pudu mephistophiles	Artiodactyla	Cervidae	1	2	1	0	1	0	0	0	NA	NA
Pudu puda	Artiodactyla	Cervidae	1	2	1	0	1	0	0	0	NA	NA
Rangifer tarandus	Artiodactyla	Cervidae	1	2	1	0	1	0	0	0	NA	NA
Rucervus duvaucelii	Artiodactyla	Cervidae	2	2	1	0	1	1	0	0	NA	NA
Rucervus eldii	Artiodactyla	Cervidae	2	2	1	0	1	1	0	0	NA	NA
Rucervus schomburgki	Artiodactyla	Cervidae	2	2	1	0	1	1	0	0	NA	NA
Rusa alfredi	Artiodactyla	Cervidae	2	2	1	0	1	1	0	0	NA	NA
Rusa marianna	Artiodactyla	Cervidae	2	2	1	0	1	1	0	0	NA	NA
Rusa timorensis	Artiodactyla	Cervidae	1	2	1	0	1	1	0	0	NA	NA
Rusa unicolor	Artiodactyla	Cervidae	2	2	1	0	1	1	0	0	NA	NA
Giraffa camelopardalis	Artiodactyla	Giraffidae	1	2	1	0	1	0	0	0	NA	NA
Okapia johnstoni	Artiodactyla	Giraffidae	1	2	1	0	1	0	0	0	NA	NA
Hexaprotodon liberiensis	Artiodactyla	Hippopotamidae	1	0	1	0	1	1	0	0	NA	NA
Hippopotamus amphibius	Artiodactyla	Hippopotamidae	2	0	1	0	1	1	0	0	NA	NA
Moschus anhuiensis	Artiodactyla	Moschidae	1	NA	1	0	1	0	0	0	NA	NA
Moschus berezovskii	Artiodactyla	Moschidae	1	2	1	0	1	0	0	0	NA	NA
Moschus chrysogaster	Artiodactyla	Moschidae	1	2	1	0	1	0	0	0	NA	NA
Moschus cupreus	Artiodactyla	Moschidae	1	NA	1	0	1	0	0	0	NA	NA
Moschus fuscus	Artiodactyla	Moschidae	1	2	1	0	1	0	0	0	NA	NA
Moschus leucogaster	Artiodactyla	Moschidae	1	2	1	0	1	0	0	0	NA	NA
Moschus moschiferus	Artiodactyla	Moschidae	1	2	1	0	1	0	0	0	NA	NA
Babyrousa babyrussa	Artiodactyla	Suidae	1	0	1	0	0	0	0	0	NA	NA
Babyrousa bolabatuensis	Artiodactyla	Suidae	1	NA	1	0	0	0	0	0	NA	NA
Babyrousa celebensis	Artiodactyla	Suidae	1	NA	1	0	0	0	0	0	NA	NA
Babyrousa togeanensis	Artiodactyla	Suidae	1	NA	1	0	0	0	0	0	NA	NA
Hylochoerus meinertzhageni	Artiodactyla	Suidae	2	0	2	0	1	1	0	1	NA	NA
Phacochoerus aethiopicus	Artiodactyla	Suidae	3	0	3	0	0	0	1	1	NA	NA
Phacochoerus africanus	Artiodactyla	Suidae	3	0	3	0	0	0	1	1	NA	NA
Potamochoerus larvatus	Artiodactyla	Suidae	1	0	1	0	0	1	0	0	NA	NA
Potamochoerus porcus	Artiodactyla	Suidae	1	0	1	0	0	1	0	0	NA	NA
Sus ahoenobarbus	Artiodactyla	Suidae	1	NA	1	0	0	1	0	0	NA	NA
Sus barbatus	Artiodactyla	Suidae	1	0	1	0	0	1	0	0	NA	NA
Sus bucculentus	Artiodactyla	Suidae	1	0	1	0	0	1	0	0	NA	NA
Sus cebifrons	Artiodactyla	Suidae	1	0	1	0	0	1	0	0	NA	NA
Sus celebensis	Artiodactyla	Suidae	1	0	1	0	0	1	0	0	NA	NA
Sus oliveri	Artiodactyla	Suidae	1	NA	1	0	0	1	0	0	NA	NA
Sus philippensis	Artiodactyla	Suidae	1	0	1	0	0	1	0	0	NA	NA
Sus salvanius	Artiodactyla	Suidae	1	0	1	0	0	1	0	0	NA	NA
Sus scrofa	Artiodactyla	Suidae	1	0	1	0	0	1	0	0	NA	NA
Sus verrucosus	Artiodactyla	Suidae	1	0	1	0	0	1	0	0	NA	NA
Catagonus wagneri	Artiodactyla	Tayassuidae	1	0	1	0	0	1	0	0	NA	NA
Pecari tajacu	Artiodactyla	Tayassuidae	1	0	1	0	0	1	0	0	NA	NA
Tayassu pecari	Artiodactyla	Tayassuidae	1	0	1	0	0	1	0	0	NA	NA
Hyemoschus aquaticus	Artiodactyla	Tragulidae	1	2	1	0	1	0	0	0	NA	NA
Moschiola meminna	Artiodactyla	Tragulidae	1	2	1	0	1	0	0	0	NA	NA
Tragulus javanicus	Artiodactyla	Tragulidae	1	2	1	0	1	0	0	0	NA	NA
Tragulus kanchil	Artiodactyla	Tragulidae	1	NA	1	0	1	1	0	0	NA	NA
Tragulus napu	Artiodactyla	Tragulidae	1	2	1	0	1	0	0	0	NA	NA
Tragulus nigricans	Artiodactyla	Tragulidae	1	NA	1	0	1	1	0	0	NA	NA
Tragulus versicolor	Artiodactyla	Tragulidae	1	NA	1	0	1	1	0	0	NA	NA
Tragulus williamsoni	Artiodactyla	Tragulidae	1	NA	1	0	1	1	0	0	NA	NA
Equus asinus	Perissodactyla	Equidae	3	2	1	0	1	0	1	1	NA	NA
Equus burchellii	Perissodactyla	Equidae	3	2	1	0	1	0	1	1	NA	NA
Equus caballus	Perissodactyla	Equidae	3	2	1	0	1	0	1	1	NA	NA
Equus grevyi	Perissodactyla	Equidae	3	2	1	0	1	0	1	1	NA	NA
Equus hemionus	Perissodactyla	Equidae	3	2	1	0	1	0	1	1	NA	NA
Equus kiang	Perissodactyla	Equidae	3	2	1	0	1	0	1	1	NA	NA
Equus onager	Perissodactyla	Equidae	3	NA	1	0	1	0	1	1	NA	NA
Equus quagga	Perissodactyla	Equidae	3	2	1	0	1	0	1	1	NA	NA
Equus zebra	Perissodactyla	Equidae	3	2	1	0	1	0	1	1	NA	NA
Diceros bicornis	Perissodactyla	Rhinoceratidae	2	1	1	1	1	0	0	0	NA	NA
Ceratotherium simum	Perissodactyla	Rhinocerotidae	3	2	1	0	1	0	1	1	NA	NA
Dicerorhinus sumatrensis	Perissodactyla	Rhinocerotidae	1	1	1	1	1	0	0	0	NA	NA
Rhinoceros sondaicus	Perissodactyla	Rhinocerotidae	1	1	1	1	1	0	0	0	NA	NA
Rhinoceros unicornis	Perissodactyla	Rhinocerotidae	1	2	1	1	1	0	0	0	NA	NA
Tapirus bairdii	Perissodactyla	Tapiridae	1	0	1	1	0	0	0	0	NA	NA
Tapirus indicus	Perissodactyla	Tapiridae	1	0	1	1	0	0	0	0	NA	NA
Tapirus pinchaque	Perissodactyla	Tapiridae	1	0	1	1	0	0	0	0	NA	NA
Tapirus terrestris	Perissodactyla	Tapiridae	1	0	1	1	0	0	0	0	NA	NA
Aotus nigriceps	Primates	Aotidae	1	0	1	0	0	0	0	0	NA	NA
Ateles geoffroyi	Primates	Atelidae	1	0	1	0	0	0	0	0	NA	NA
Lagothrix poeppigii	Primates	Atelidae	1	NA	1	0	0	0	0	0	NA	NA
Oreonax flavicauda	Primates	Atelidae	1	0	1	0	0	0	0	0	NA	NA
Callimico goeldii	Primates	Callitrichidae	1	0	1	0	0	0	0	0	NA	NA
Callithrix acariensis	Primates	Callitrichidae	1	NA	1	0	0	0	0	0	NA	NA
Callithrix argentata	Primates	Callitrichidae	1	0	1	0	0	0	0	0	Berlin2016June	NA
Callithrix aurita	Primates	Callitrichidae	1	0	1	0	0	0	0	0	Berlin2016June	NA
Callithrix chrysoleuca	Primates	Callitrichidae	1	NA	1	0	0	0	0	0	NA	NA
Callithrix emiliae	Primates	Callitrichidae	1	NA	1	0	0	0	0	0	NA	NA
Callithrix flaviceps	Primates	Callitrichidae	1	0	1	0	0	0	0	0	NA	NA
Callithrix geoffroyi	Primates	Callitrichidae	1	0	1	0	0	0	0	0	Berlin2016June	NA
Callithrix humeralifera	Primates	Callitrichidae	1	0	1	0	0	0	0	0	NA	NA
Callithrix humilis	Primates	Callitrichidae	1	NA	1	0	0	0	0	0	NA	NA
Callithrix intermedia	Primates	Callitrichidae	1	NA	1	0	0	0	0	0	NA	NA
Callithrix jacchus	Primates	Callitrichidae	1	0	1	0	0	0	0	0	Berlin2016June	NA
Callithrix kuhlii	Primates	Callitrichidae	1	0	1	0	0	0	0	0	NA	NA
Callithrix leucippe	Primates	Callitrichidae	1	NA	1	0	0	0	0	0	NA	NA
Callithrix manicorensis	Primates	Callitrichidae	1	NA	1	0	0	0	0	0	NA	NA
Callithrix marcai	Primates	Callitrichidae	1	NA	1	0	0	0	0	0	NA	NA
Callithrix mauesi	Primates	Callitrichidae	1	NA	1	0	0	0	0	0	NA	NA
Callithrix melanura	Primates	Callitrichidae	1	NA	1	0	0	0	0	0	Berlin2016June	NA
Callithrix nigriceps	Primates	Callitrichidae	1	NA	1	0	0	0	0	0	NA	NA
Callithrix penicillata	Primates	Callitrichidae	1	0	1	0	0	0	0	0	Berlin2016June	NA
Callithrix pygmaea	Primates	Callitrichidae	1	0	1	0	0	0	0	0	NA	NA
Callithrix saterei	Primates	Callitrichidae	1	NA	1	0	0	0	0	0	NA	NA
Leontopithecus caissara	Primates	Callitrichidae	1	0	1	0	0	0	0	0	NA	NA
Leontopithecus chrysomelas	Primates	Callitrichidae	1	0	1	0	0	0	0	0	NA	NA
Leontopithecus chrysopygus	Primates	Callitrichidae	1	0	1	0	0	0	0	0	NA	NA
Leontopithecus rosalia	Primates	Callitrichidae	1	0	1	0	0	0	0	0	NA	NA
Saguinus bicolor	Primates	Callitrichidae	1	0	1	0	0	0	0	0	Berlin2016June	NA
Saguinus fuscicollis	Primates	Callitrichidae	1	0	1	0	0	0	0	0	Berlin2016June	NA
Saguinus graellsi	Primates	Callitrichidae	1	NA	1	0	0	0	0	0	NA	NA
Saguinus imperator	Primates	Callitrichidae	1	0	1	0	0	0	0	0	Berlin2016June	NA
Saguinus inustus	Primates	Callitrichidae	1	0	1	0	0	0	0	0	NA	NA
Saguinus labiatus	Primates	Callitrichidae	1	0	1	0	0	0	0	0	NA	NA
Saguinus martinsi	Primates	Callitrichidae	1	NA	1	0	0	0	0	0	NA	NA
Saguinus melanoleucus	Primates	Callitrichidae	1	NA	1	0	0	0	0	0	NA	NA
Saguinus midas	Primates	Callitrichidae	1	0	1	0	0	0	0	0	Berlin2016June	NA
Saguinus mystax	Primates	Callitrichidae	1	0	1	0	0	0	0	0	Berlin2016June	NA
Saguinus niger	Primates	Callitrichidae	1	NA	1	0	0	0	0	0	NA	NA
Saguinus nigricollis	Primates	Callitrichidae	1	0	1	0	0	0	0	0	NA	NA
Saguinus oedipus	Primates	Callitrichidae	1	0	1	0	0	0	0	0	NA	NA
Saguinus pileatus	Primates	Callitrichidae	1	NA	1	0	0	0	0	0	NA	NA
Saguinus tripartitus	Primates	Callitrichidae	1	0	1	0	0	0	0	0	NA	NA
Alouatta belzebul	Primates	Cebidae	1	1	1	0	0	0	0	0	NA	Espoo2016July
Alouatta caraya	Primates	Cebidae	1	1	1	0	0	0	0	0	NA	Espoo2016July
Alouatta coibensis	Primates	Cebidae	1	1	1	0	0	0	0	0	NA	Espoo2016July
Alouatta fusca	Primates	Cebidae	1	NA	1	0	0	0	0	0	NA	Espoo2016July
Alouatta guariba	Primates	Cebidae	1	1	1	0	0	0	0	0	Berlin2016June	Berlin2016June
Alouatta macconnelli	Primates	Cebidae	1	NA	1	0	0	0	0	0	NA	Espoo2016July
Alouatta nigerrima	Primates	Cebidae	1	NA	1	0	0	0	0	0	NA	Espoo2016July
Alouatta palliata	Primates	Cebidae	1	1	1	0	0	0	0	0	NA	Espoo2016July
Alouatta pigra	Primates	Cebidae	1	1	1	0	0	0	0	0	Berlin2016June	Berlin2016June
Alouatta sara	Primates	Cebidae	1	1	1	0	0	0	0	0	NA	Espoo2016July
Alouatta seniculus	Primates	Cebidae	1	1	1	0	0	0	0	0	NA	Espoo2016July
Aotus azarae	Primates	Cebidae	1	0	1	0	0	0	0	0	NA	NA
Aotus hershkovitzi	Primates	Cebidae	1	0	1	0	0	0	0	0	NA	NA
Aotus infulatus	Primates	Cebidae	1	NA	1	0	0	0	0	0	NA	NA
Aotus lemurinus	Primates	Cebidae	1	0	1	0	0	0	0	0	NA	NA
Aotus miconax	Primates	Cebidae	1	0	1	0	0	0	0	0	NA	NA
Aotus nancymaae	Primates	Cebidae	1	0	1	0	0	0	0	0	NA	NA
Aotus trivirgatus	Primates	Cebidae	1	0	1	0	0	0	0	0	NA	NA
Aotus vociferans	Primates	Cebidae	1	0	1	0	0	0	0	0	NA	NA
Ateles belzebuth	Primates	Cebidae	1	0	1	0	0	0	0	0	NA	NA
Ateles chamek	Primates	Cebidae	1	0	1	0	0	0	0	0	NA	NA
Ateles fusciceps	Primates	Cebidae	1	0	1	0	0	0	0	0	NA	NA
Ateles hybridus	Primates	Cebidae	1	NA	1	0	0	0	0	0	NA	NA
Ateles marginatus	Primates	Cebidae	1	0	1	0	0	0	0	0	NA	NA
Ateles paniscus	Primates	Cebidae	1	0	1	0	0	0	0	0	NA	NA
Brachyteles arachnoides	Primates	Cebidae	1	0	1	0	0	0	0	0	Berlin2016June	NA
Brachyteles hypoxanthus	Primates	Cebidae	1	NA	1	0	0	0	0	0	NA	NA
Cacajao calvus	Primates	Cebidae	1	0	1	0	0	0	0	0	NA	NA
Cacajao melanocephalus	Primates	Cebidae	1	0	1	0	0	0	0	0	NA	NA
Callicebus baptista	Primates	Cebidae	1	NA	1	0	0	0	0	0	NA	NA
Callicebus barbarabrownae	Primates	Cebidae	1	NA	1	0	0	0	0	0	NA	NA
Callicebus brunneus	Primates	Cebidae	1	0	1	0	0	0	0	0	NA	NA
Callicebus cinerascens	Primates	Cebidae	1	0	1	0	0	0	0	0	NA	NA
Callicebus coimbrai	Primates	Cebidae	1	NA	1	0	0	0	0	0	NA	NA
Callicebus cupreus	Primates	Cebidae	1	0	1	0	0	0	0	0	NA	NA
Callicebus donacophilus	Primates	Cebidae	1	0	1	0	0	0	0	0	NA	NA
Callicebus hoffmannsi	Primates	Cebidae	1	0	1	0	0	0	0	0	NA	NA
Callicebus medemi	Primates	Cebidae	1	NA	1	0	0	0	0	0	NA	NA
Callicebus melanochir	Primates	Cebidae	1	NA	1	0	0	0	0	0	NA	NA
Callicebus modestus	Primates	Cebidae	1	0	1	0	0	0	0	0	NA	NA
Callicebus moloch	Primates	Cebidae	1	0	1	0	0	0	0	0	Berlin2016June	NA
Callicebus nigrifrons	Primates	Cebidae	1	NA	1	0	0	0	0	0	NA	NA
Callicebus oenanthe	Primates	Cebidae	1	0	1	0	0	0	0	0	NA	NA
Callicebus olallae	Primates	Cebidae	1	0	1	0	0	0	0	0	NA	NA
Callicebus ornatus	Primates	Cebidae	1	NA	1	0	0	0	0	0	NA	NA
Callicebus personatus	Primates	Cebidae	1	0	1	0	0	0	0	0	NA	NA
Callicebus torquatus	Primates	Cebidae	1	0	1	0	0	0	0	0	NA	NA
Cebus albifrons	Primates	Cebidae	1	0	1	0	0	0	0	0	NA	NA
Cebus apella	Primates	Cebidae	1	0	1	0	0	0	0	0	NA	NA
Cebus capucinus	Primates	Cebidae	1	0	1	0	0	0	0	0	NA	NA
Cebus kaapori	Primates	Cebidae	1	NA	1	0	0	0	0	0	NA	NA
Cebus libidinosus	Primates	Cebidae	1	NA	1	0	0	0	0	0	NA	NA
Cebus nigritus	Primates	Cebidae	1	NA	1	0	0	0	0	0	NA	NA
Cebus olivaceus	Primates	Cebidae	1	0	1	0	0	0	0	0	NA	NA
Cebus xanthosternos	Primates	Cebidae	1	NA	1	0	0	0	0	0	NA	NA
Chiropotes albinasus	Primates	Cebidae	1	0	1	0	0	0	0	0	NA	NA
Chiropotes satanas	Primates	Cebidae	1	0	1	0	0	0	0	0	NA	NA
Lagothrix cana	Primates	Cebidae	1	NA	1	0	0	0	0	0	NA	NA
Lagothrix lagotricha	Primates	Cebidae	1	0	1	0	0	0	0	0	NA	NA
Lagothrix lugens	Primates	Cebidae	1	NA	1	0	0	0	0	0	NA	NA
Pithecia aequatorialis	Primates	Cebidae	1	0	1	0	0	0	0	0	NA	NA
Pithecia albicans	Primates	Cebidae	1	0	1	0	0	0	0	0	NA	NA
Pithecia irrorata	Primates	Cebidae	1	0	1	0	0	0	0	0	NA	NA
Pithecia monachus	Primates	Cebidae	1	0	1	0	0	0	0	0	NA	NA
Pithecia pithecia	Primates	Cebidae	1	0	1	0	0	0	0	0	NA	NA
Saguinus geoffroyi	Primates	Cebidae	1	0	1	0	0	0	0	0	Berlin2016June	NA
Saguinus leucopus	Primates	Cebidae	1	0	1	0	0	0	0	0	Berlin2016June	NA
Saimiri boliviensis	Primates	Cebidae	1	0	1	0	0	0	0	0	NA	NA
Saimiri oerstedii	Primates	Cebidae	1	0	1	0	0	0	0	0	NA	NA
Saimiri sciureus	Primates	Cebidae	1	0	1	0	0	0	0	0	NA	NA
Saimiri ustus	Primates	Cebidae	1	0	1	0	0	0	0	0	NA	NA
Saimiri vanzolinii	Primates	Cebidae	1	0	1	0	0	0	0	0	NA	NA
Allenopithecus nigroviridis	Primates	Cercopithecidae	1	0	1	0	0	0	0	0	NA	NA
Cercocebus agilis	Primates	Cercopithecidae	1	0	1	0	0	0	0	0	NA	NA
Cercocebus atys	Primates	Cercopithecidae	1	NA	1	0	0	0	0	0	NA	NA
Cercocebus chrysogaster	Primates	Cercopithecidae	1	NA	1	0	0	0	0	0	NA	NA
Cercocebus galeritus	Primates	Cercopithecidae	1	0	1	0	0	0	0	0	NA	NA
Cercocebus sanjei	Primates	Cercopithecidae	1	NA	1	0	0	0	0	0	NA	NA
Cercocebus torquatus	Primates	Cercopithecidae	1	0	1	0	0	0	0	0	Berlin2016June	NA
Cercopithecus albogularis	Primates	Cercopithecidae	1	0	1	0	0	0	0	0	NA	NA
Cercopithecus ascanius	Primates	Cercopithecidae	1	0	1	0	0	0	0	0	Berlin2016June	NA
Cercopithecus campbelli	Primates	Cercopithecidae	1	0	1	0	0	0	0	0	Berlin2016June	NA
Cercopithecus cephus	Primates	Cercopithecidae	1	0	1	0	0	0	0	0	Berlin2016June	NA
Cercopithecus denti	Primates	Cercopithecidae	1	0	1	0	0	0	0	0	NA	NA
Cercopithecus diana	Primates	Cercopithecidae	1	0	1	0	0	0	0	0	Berlin2016June	NA
Cercopithecus doggetti	Primates	Cercopithecidae	1	NA	1	1	0	0	0	0	NA	NA
Cercopithecus dryas	Primates	Cercopithecidae	1	0	1	0	0	0	0	0	NA	NA
Cercopithecus erythrogaster	Primates	Cercopithecidae	1	0	1	0	0	0	0	0	NA	NA
Cercopithecus erythrotis	Primates	Cercopithecidae	1	0	1	0	0	0	0	0	Berlin2016June	NA
Cercopithecus hamlyni	Primates	Cercopithecidae	1	0	1	0	0	0	0	0	NA	NA
Cercopithecus kandti	Primates	Cercopithecidae	1	NA	1	1	0	0	0	0	NA	NA
Cercopithecus lhoesti	Primates	Cercopithecidae	1	0	1	0	0	0	0	0	Berlin2016June	NA
Cercopithecus lowei	Primates	Cercopithecidae	1	NA	1	1	0	0	0	0	NA	NA
Cercopithecus mitis	Primates	Cercopithecidae	1	0	1	0	0	0	0	0	Berlin2016June	NA
Cercopithecus mona	Primates	Cercopithecidae	1	0	1	1	1	0	0	0	Berlin2016June	Berlin2016June
Cercopithecus neglectus	Primates	Cercopithecidae	1	0	1	0	0	0	0	0	Berlin2016June	NA
Cercopithecus nictitans	Primates	Cercopithecidae	1	0	1	0	0	0	0	0	Berlin2016June	NA
Cercopithecus petaurista	Primates	Cercopithecidae	1	0	1	0	0	0	0	0	Berlin2016June	NA
Cercopithecus pogonias	Primates	Cercopithecidae	1	0	1	0	0	0	0	0	Berlin2016June	NA
Cercopithecus preussi	Primates	Cercopithecidae	1	0	1	0	0	0	0	0	Berlin2016June	Berlin2016June
Cercopithecus roloway	Primates	Cercopithecidae	1	NA	1	1	0	0	0	0	NA	NA
Cercopithecus sclateri	Primates	Cercopithecidae	1	0	1	0	0	0	0	0	Berlin2016June	NA
Cercopithecus solatus	Primates	Cercopithecidae	1	0	1	0	0	0	0	0	NA	NA
Cercopithecus wolfi	Primates	Cercopithecidae	1	0	1	0	0	0	0	0	Berlin2016June	NA
Chlorocebus aethiops	Primates	Cercopithecidae	1	0	1	0	0	0	0	0	Berlin2016June	NA
Chlorocebus cynosuros	Primates	Cercopithecidae	1	0	1	0	0	0	0	0	NA	NA
Chlorocebus djamdjamensis	Primates	Cercopithecidae	1	NA	1	1	0	0	0	0	NA	NA
Chlorocebus pygerythrus	Primates	Cercopithecidae	1	0	1	0	0	0	0	0	NA	NA
Chlorocebus sabaeus	Primates	Cercopithecidae	1	0	1	0	0	0	0	0	NA	NA
Chlorocebus tantalus	Primates	Cercopithecidae	1	0	1	0	0	0	0	0	NA	NA
Colobus angolensis	Primates	Cercopithecidae	1	0	1	1	0	0	0	0	Berlin2016June	NA
Colobus guereza	Primates	Cercopithecidae	1	0	1	1	0	0	0	0	Berlin2016June	NA
Colobus polykomos	Primates	Cercopithecidae	1	0	1	1	0	0	0	0	Berlin2016June	NA
Colobus satanas	Primates	Cercopithecidae	1	0	1	1	0	0	0	0	Berlin2016June	NA
Colobus vellerosus	Primates	Cercopithecidae	1	0	1	1	0	0	0	0	NA	NA
Erythrocebus patas	Primates	Cercopithecidae	1	0	1	0	0	0	0	0	NA	NA
Lophocebus albigena	Primates	Cercopithecidae	1	0	1	0	0	0	0	0	Berlin2016June	NA
Lophocebus aterrimus	Primates	Cercopithecidae	1	0	1	0	0	0	0	0	NA	NA
Lophocebus opdenboschi	Primates	Cercopithecidae	1	NA	1	0	0	0	0	0	NA	NA
Macaca arctoides	Primates	Cercopithecidae	1	0	1	0	0	0	0	0	NA	NA
Macaca assamensis	Primates	Cercopithecidae	1	0	1	0	0	0	0	0	NA	NA
Macaca cyclopis	Primates	Cercopithecidae	1	0	1	0	0	0	0	0	NA	NA
Macaca fascicularis	Primates	Cercopithecidae	1	0	1	0	0	0	0	0	Berlin2016June	NA
Macaca fuscata	Primates	Cercopithecidae	1	0	1	0	0	0	0	0	NA	NA
Macaca hecki	Primates	Cercopithecidae	1	NA	1	0	0	0	0	0	NA	NA
Macaca leonina	Primates	Cercopithecidae	1	NA	1	0	0	0	0	0	NA	NA
Macaca maura	Primates	Cercopithecidae	1	0	1	0	0	0	0	0	NA	NA
Macaca mulatta	Primates	Cercopithecidae	1	0	1	0	0	0	0	0	NA	NA
Macaca nemestrina	Primates	Cercopithecidae	1	0	1	0	0	0	0	0	NA	NA
Macaca nigra	Primates	Cercopithecidae	1	0	1	0	0	0	0	0	Berlin2016June	NA
Macaca nigrescens	Primates	Cercopithecidae	1	NA	1	0	0	0	0	0	Berlin2016June	NA
Macaca ochreata	Primates	Cercopithecidae	1	0	1	0	0	0	0	0	Berlin2016June	NA
Macaca pagensis	Primates	Cercopithecidae	1	NA	1	0	0	0	0	0	NA	NA
Macaca radiata	Primates	Cercopithecidae	1	0	1	0	0	0	0	0	Berlin2016June	NA
Macaca siberu	Primates	Cercopithecidae	1	NA	1	0	0	0	0	0	NA	NA
Macaca silenus	Primates	Cercopithecidae	1	0	1	0	0	0	0	0	NA	NA
Macaca sinica	Primates	Cercopithecidae	1	0	1	0	0	0	0	0	NA	NA
Macaca sylvanus	Primates	Cercopithecidae	1	0	1	0	0	0	0	0	NA	NA
Macaca thibetana	Primates	Cercopithecidae	1	0	1	0	0	0	0	0	NA	NA
Macaca tonkeana	Primates	Cercopithecidae	1	0	1	0	0	0	0	0	NA	NA
Mandrillus leucophaeus	Primates	Cercopithecidae	1	0	1	0	0	0	0	0	NA	NA
Mandrillus sphinx	Primates	Cercopithecidae	1	0	1	0	0	0	0	0	NA	NA
Miopithecus ogouensis	Primates	Cercopithecidae	1	NA	1	0	0	0	0	0	NA	NA
Miopithecus talapoin	Primates	Cercopithecidae	1	0	1	0	0	0	0	0	Berlin2016June	NA
Nasalis larvatus	Primates	Cercopithecidae	1	0	1	1	0	0	0	0	Berlin2016June	NA
Papio anubis	Primates	Cercopithecidae	1	0	1	0	0	0	0	0	NA	NA
Papio cynocephalus	Primates	Cercopithecidae	1	0	1	0	0	0	0	0	NA	NA
Papio hamadryas	Primates	Cercopithecidae	1	0	1	0	0	0	0	0	NA	NA
Papio papio	Primates	Cercopithecidae	1	0	1	0	0	0	0	0	NA	NA
Papio ursinus	Primates	Cercopithecidae	1	0	1	0	0	0	0	0	NA	NA
Piliocolobus badius	Primates	Cercopithecidae	1	0	1	1	0	0	0	0	Berlin2016June	NA
Piliocolobus foai	Primates	Cercopithecidae	1	0	1	1	0	0	0	0	NA	NA
Piliocolobus gordonorum	Primates	Cercopithecidae	1	0	1	1	0	0	0	0	NA	NA
Piliocolobus kirkii	Primates	Cercopithecidae	1	0	1	1	0	0	0	0	NA	NA
Piliocolobus pennantii	Primates	Cercopithecidae	1	0	1	1	0	0	0	0	Berlin2016June	NA
Piliocolobus preussi	Primates	Cercopithecidae	1	0	1	1	0	0	0	0	NA	NA
Piliocolobus rufomitratus	Primates	Cercopithecidae	1	0	1	1	0	0	0	0	NA	NA
Piliocolobus tephrosceles	Primates	Cercopithecidae	1	NA	1	1	0	0	0	0	NA	NA
Piliocolobus tholloni	Primates	Cercopithecidae	1	NA	1	1	0	0	0	0	NA	NA
Presbytis chrysomelas	Primates	Cercopithecidae	1	NA	1	0	0	0	0	0	NA	NA
Presbytis comata	Primates	Cercopithecidae	1	0	1	0	0	0	0	0	Berlin2016June	Berlin2016June
Presbytis femoralis	Primates	Cercopithecidae	1	0	1	1	0	0	0	0	NA	NA
Presbytis frontata	Primates	Cercopithecidae	1	0	1	1	0	0	0	0	NA	NA
Presbytis hosei	Primates	Cercopithecidae	1	0	1	1	0	0	0	0	Berlin2016June	NA
Presbytis melalophos	Primates	Cercopithecidae	1	0	1	1	0	0	0	0	Berlin2016June	NA
Presbytis natunae	Primates	Cercopithecidae	1	NA	1	0	0	0	0	0	NA	NA
Presbytis potenziani	Primates	Cercopithecidae	1	0	1	1	0	0	0	0	Berlin2016June	NA
Presbytis rubicunda	Primates	Cercopithecidae	1	0	1	1	0	0	0	0	Berlin2016June	NA
Presbytis siamensis	Primates	Cercopithecidae	1	NA	1	0	0	0	0	0	NA	NA
Presbytis thomasi	Primates	Cercopithecidae	1	0	1	1	0	0	0	0	NA	NA
Procolobus verus	Primates	Cercopithecidae	1	0	1	1	0	0	0	0	NA	NA
Pygathrix cinerea	Primates	Cercopithecidae	1	NA	1	0	0	0	0	0	NA	NA
Pygathrix nemaeus	Primates	Cercopithecidae	1	0	1	0	0	0	0	0	Berlin2016June	Berlin2016June
Pygathrix nigripes	Primates	Cercopithecidae	1	0	1	1	0	0	0	0	NA	NA
Pygathrix roxellana	Primates	Cercopithecidae	1	NA	1	0	0	0	0	0	NA	NA
Rhinopithecus avunculus	Primates	Cercopithecidae	1	0	1	1	0	0	0	0	NA	NA
Rhinopithecus bieti	Primates	Cercopithecidae	1	0	1	1	0	0	0	0	NA	NA
Rhinopithecus brelichi	Primates	Cercopithecidae	1	0	1	1	0	0	0	0	NA	NA
Rhinopithecus roxellana	Primates	Cercopithecidae	1	0	1	1	0	0	0	0	NA	NA
Semnopithecus ajax	Primates	Cercopithecidae	1	NA	1	0	0	0	0	0	NA	NA
Semnopithecus dussumieri	Primates	Cercopithecidae	1	NA	1	0	0	0	0	0	NA	NA
Semnopithecus entellus	Primates	Cercopithecidae	1	0	1	0	0	0	0	0	Berlin2016June	NA
Semnopithecus hector	Primates	Cercopithecidae	1	NA	1	0	0	0	0	0	NA	NA
Semnopithecus hypoleucos	Primates	Cercopithecidae	1	NA	1	0	0	0	0	0	NA	NA
Semnopithecus priam	Primates	Cercopithecidae	1	NA	1	0	0	0	0	0	NA	NA
Semnopithecus schistaceus	Primates	Cercopithecidae	1	NA	1	0	0	0	0	0	NA	NA
Simias concolor	Primates	Cercopithecidae	1	0	1	1	0	0	0	0	NA	NA
Theropithecus gelada	Primates	Cercopithecidae	1	0	1	0	1	1	0	0	Berlin2016June	Berlin2016June
Trachypithecus auratus	Primates	Cercopithecidae	1	0	1	1	0	0	0	0	NA	NA
Trachypithecus barbei	Primates	Cercopithecidae	1	NA	1	0	0	0	0	0	NA	NA
Trachypithecus cristatus	Primates	Cercopithecidae	1	0	1	1	0	0	0	0	Berlin2016June	NA
Trachypithecus delacouri	Primates	Cercopithecidae	1	NA	1	0	0	0	0	0	NA	NA
Trachypithecus ebenus	Primates	Cercopithecidae	1	NA	1	0	0	0	0	0	NA	NA
Trachypithecus francoisi	Primates	Cercopithecidae	1	0	1	1	0	0	0	0	NA	NA
Trachypithecus geei	Primates	Cercopithecidae	1	0	1	1	0	0	0	0	NA	NA
Trachypithecus germaini	Primates	Cercopithecidae	1	NA	1	0	0	0	0	0	NA	NA
Trachypithecus hatinhensis	Primates	Cercopithecidae	1	NA	1	0	0	0	0	0	NA	NA
Trachypithecus johnii	Primates	Cercopithecidae	1	0	1	1	0	0	0	0	Berlin2016June	NA
Trachypithecus laotum	Primates	Cercopithecidae	1	NA	1	0	0	0	0	0	NA	NA
Trachypithecus obscurus	Primates	Cercopithecidae	1	0	1	1	0	0	0	0	Berlin2016June	NA
Trachypithecus phayrei	Primates	Cercopithecidae	1	0	1	1	0	0	0	0	Berlin2016June	NA
Trachypithecus pileatus	Primates	Cercopithecidae	1	0	1	1	0	0	0	0	NA	NA
Trachypithecus poliocephalus	Primates	Cercopithecidae	1	NA	1	0	0	0	0	0	NA	NA
Trachypithecus shortridgei	Primates	Cercopithecidae	1	NA	1	0	0	0	0	0	NA	NA
Trachypithecus vetulus	Primates	Cercopithecidae	1	0	1	1	0	0	0	0	Berlin2016June	NA
Allocebus trichotis	Primates	Cheirogaleidae	1	0	1	0	0	0	0	0	NA	NA
Cheirogaleus adipicaudatus	Primates	Cheirogaleidae	1	NA	1	0	0	0	0	0	NA	NA
Cheirogaleus crossleyi	Primates	Cheirogaleidae	1	NA	1	0	0	0	0	0	NA	NA
Cheirogaleus major	Primates	Cheirogaleidae	1	0	1	0	0	0	0	0	NA	NA
Cheirogaleus medius	Primates	Cheirogaleidae	1	0	1	0	0	0	0	0	NA	NA
Cheirogaleus minusculus	Primates	Cheirogaleidae	1	NA	1	0	0	0	0	0	NA	NA
Cheirogaleus ravus	Primates	Cheirogaleidae	1	NA	1	0	0	0	0	0	NA	NA
Cheirogaleus sibreei	Primates	Cheirogaleidae	1	NA	1	0	0	0	0	0	NA	NA
Microcebus berthae	Primates	Cheirogaleidae	1	NA	1	0	0	0	0	0	NA	NA
Microcebus griseorufus	Primates	Cheirogaleidae	1	NA	1	0	0	0	0	0	NA	NA
Microcebus murinus	Primates	Cheirogaleidae	1	0	1	0	0	0	0	0	NA	NA
Microcebus myoxinus	Primates	Cheirogaleidae	1	NA	1	0	0	0	0	0	NA	NA
Microcebus ravelobensis	Primates	Cheirogaleidae	1	NA	1	0	0	0	0	0	NA	NA
Microcebus rufus	Primates	Cheirogaleidae	1	0	1	0	0	0	0	0	NA	NA
Microcebus sambiranensis	Primates	Cheirogaleidae	1	NA	1	0	0	0	0	0	NA	NA
Microcebus tavaratra	Primates	Cheirogaleidae	1	NA	1	0	0	0	0	0	NA	NA
Mirza coquereli	Primates	Cheirogaleidae	1	0	1	0	0	0	0	0	NA	NA
Phaner electromontis	Primates	Cheirogaleidae	1	NA	1	0	0	0	0	0	NA	NA
Phaner furcifer	Primates	Cheirogaleidae	1	0	1	0	0	0	0	0	NA	NA
Phaner pallescens	Primates	Cheirogaleidae	1	NA	1	0	0	0	0	0	NA	NA
Phaner parienti	Primates	Cheirogaleidae	1	NA	1	0	0	0	0	0	NA	NA
Daubentonia madagascariensis	Primates	Daubentoniidae	1	0	1	0	0	0	0	0	NA	NA
Galago gallarum	Primates	Galagidae	1	0	1	0	0	0	0	0	Berlin2016June	NA
Galago senegalensis	Primates	Galagidae	1	0	1	0	0	0	0	0	Berlin2016June	NA
Galago zanzibaricus	Primates	Galagidae	1	0	1	0	0	0	0	0	Berlin2016June	NA
Otolemur crassicaudatus	Primates	Galagidae	1	0	1	0	0	0	0	0	NA	NA
Otolemur garnettii	Primates	Galagidae	1	0	1	0	0	0	0	0	NA	NA
Euoticus elegantulus	Primates	Galagonidae	1	0	1	0	0	0	0	0	NA	NA
Euoticus pallidus	Primates	Galagonidae	1	0	1	0	0	0	0	0	NA	NA
Galago alleni	Primates	Galagonidae	1	0	1	0	0	0	0	0	Berlin2016June	NA
Galago cameronensis	Primates	Galagonidae	1	NA	1	0	0	0	0	0	NA	NA
Galago demidoff	Primates	Galagonidae	1	0	1	0	0	0	0	0	Berlin2016June	NA
Galago gabonensis	Primates	Galagonidae	1	NA	1	0	0	0	0	0	NA	NA
Galago granti	Primates	Galagonidae	1	NA	1	0	0	0	0	0	NA	NA
Galago matschiei	Primates	Galagonidae	1	0	1	0	0	0	0	0	NA	NA
Galago moholi	Primates	Galagonidae	1	0	1	0	0	0	0	0	NA	NA
Galago nyasae	Primates	Galagonidae	1	NA	1	0	0	0	0	0	NA	NA
Galago orinus	Primates	Galagonidae	1	NA	1	0	0	0	0	0	NA	NA
Galago rondoensis	Primates	Galagonidae	1	NA	1	0	0	0	0	0	NA	NA
Galago thomasi	Primates	Galagonidae	1	NA	1	0	0	0	0	0	NA	NA
Otolemur monteiri	Primates	Galagonidae	1	NA	1	0	0	0	0	0	NA	NA
Gorilla beringei	Primates	Hominidae	1	NA	1	0	0	0	0	0	NA	NA
Gorilla gorilla	Primates	Hominidae	1	0	1	0	0	0	0	0	NA	NA
Homo sapiens	Primates	Hominidae	1	0	1	0	0	0	0	0	NA	NA
Pan paniscus	Primates	Hominidae	1	0	1	0	0	0	0	0	NA	NA
Pan troglodytes	Primates	Hominidae	1	0	1	0	0	0	0	0	NA	NA
Pongo abelii	Primates	Hominidae	1	NA	1	0	0	0	0	0	NA	NA
Pongo pygmaeus	Primates	Hominidae	1	0	1	0	0	0	0	0	NA	NA
Bunopithecus hoolock	Primates	Hylobatidae	1	0	1	0	0	0	0	0	NA	NA
Hylobates agilis	Primates	Hylobatidae	1	0	1	0	0	0	0	0	NA	NA
Hylobates albibarbis	Primates	Hylobatidae	1	NA	1	0	0	0	0	0	NA	NA
Hylobates concolor	Primates	Hylobatidae	1	NA	1	0	0	0	0	0	NA	NA
Hylobates gabriellae	Primates	Hylobatidae	1	NA	1	0	0	0	0	0	NA	NA
Hylobates klossii	Primates	Hylobatidae	1	0	1	0	0	0	0	0	NA	NA
Hylobates lar	Primates	Hylobatidae	1	0	1	0	0	0	0	0	NA	NA
Hylobates leucogenys	Primates	Hylobatidae	1	NA	1	0	0	0	0	0	NA	NA
Hylobates moloch	Primates	Hylobatidae	1	0	1	0	0	0	0	0	NA	NA
Hylobates muelleri	Primates	Hylobatidae	1	0	1	0	0	0	0	0	NA	NA
Hylobates pileatus	Primates	Hylobatidae	1	0	1	0	0	0	0	0	NA	NA
Nomascus concolor	Primates	Hylobatidae	1	0	1	0	0	0	0	0	NA	NA
Nomascus gabriellae	Primates	Hylobatidae	1	0	1	0	0	0	0	0	NA	NA
Nomascus hainanus	Primates	Hylobatidae	1	NA	1	0	0	0	0	0	NA	NA
Nomascus leucogenys	Primates	Hylobatidae	1	0	1	0	0	0	0	0	NA	NA
Nomascus siki	Primates	Hylobatidae	1	NA	1	0	0	0	0	0	NA	NA
Symphalangus syndactylus	Primates	Hylobatidae	1	0	1	0	0	0	0	0	NA	NA
Avahi laniger	Primates	Indridae	1	1	1	0	0	0	0	0	Berlin2016June	Berlin2016June
Avahi occidentalis	Primates	Indridae	1	NA	1	0	0	0	0	0	NA	Espoo2016July
Avahi unicolor	Primates	Indridae	1	NA	1	0	0	0	0	0	NA	Espoo2016July
Indri indri	Primates	Indridae	1	1	1	0	0	0	0	0	Berlin2016June	Berlin2016June
Propithecus coquereli	Primates	Indridae	1	NA	1	1	0	0	0	0	NA	NA
Propithecus deckenii	Primates	Indridae	1	NA	1	1	0	0	0	0	NA	NA
Propithecus diadema	Primates	Indridae	1	1	1	1	0	0	0	0	NA	NA
Propithecus edwardsi	Primates	Indridae	1	NA	1	1	0	0	0	0	NA	NA
Propithecus perrieri	Primates	Indridae	1	NA	1	1	0	0	0	0	NA	NA
Propithecus tattersalli	Primates	Indridae	1	1	1	1	0	0	0	0	NA	NA
Propithecus verreauxi	Primates	Indridae	1	1	1	1	0	0	0	0	NA	NA
Eulemur albifrons	Primates	Lemuridae	1	NA	1	1	1	0	0	0	Berlin2016June	Berlin2016June
Eulemur albocollaris	Primates	Lemuridae	1	NA	1	1	1	0	0	0	Berlin2016June	Berlin2016June
Eulemur cinereiceps	Primates	Lemuridae	1	NA	1	1	1	0	0	0	NA	Espoo2016July
Eulemur collaris	Primates	Lemuridae	1	NA	1	1	1	0	0	0	Berlin2016June	Berlin2016June
Eulemur coronatus	Primates	Lemuridae	1	0	1	1	1	0	0	0	Berlin2016June	Berlin2016June
Eulemur fulvus	Primates	Lemuridae	1	0	1	1	1	0	0	0	Berlin2016June	Berlin2016June
Eulemur macaco	Primates	Lemuridae	1	0	1	1	1	0	0	0	Berlin2016June	Berlin2016June
Eulemur mongoz	Primates	Lemuridae	1	0	1	1	1	0	0	0	Berlin2016June	Berlin2016June
Eulemur rubriventer	Primates	Lemuridae	1	0	1	1	1	0	0	0	Berlin2016June	Berlin2016June
Eulemur rufus	Primates	Lemuridae	1	NA	1	1	1	0	0	0	Berlin2016June	Berlin2016June
Eulemur sanfordi	Primates	Lemuridae	1	NA	1	1	1	0	0	0	NA	Espoo2016July
Hapalemur alaotrensis	Primates	Lemuridae	1	NA	1	1	1	0	0	0	NA	Espoo2016July
Hapalemur aureus	Primates	Lemuridae	1	0	1	1	1	0	0	0	Berlin2016June	Berlin2016June
Hapalemur griseus	Primates	Lemuridae	1	0	1	1	0	0	0	0	Berlin2016June	Berlin2016June
Hapalemur occidentalis	Primates	Lemuridae	1	NA	1	1	1	0	0	0	Berlin2016June	Berlin2016June
Lemur catta	Primates	Lemuridae	1	0	1	0	0	0	0	0	Berlin2016June	NA
Prolemur simus	Primates	Lemuridae	1	0	1	0	0	0	0	0	NA	NA
Varecia rubra	Primates	Lemuridae	1	NA	1	1	1	0	0	0	Berlin2016June	NA
Varecia variegata	Primates	Lemuridae	1	1	1	1	1	0	0	0	Berlin2016June	NA
Lepilemur ankaranensis	Primates	Lepilemuridae	1	NA	1	1	1	0	0	0	NA	Espoo2016July
Arctocebus calabarensis	Primates	Loridae	1	0	1	0	0	0	0	0	NA	NA
Loris lydekkerianus	Primates	Loridae	1	NA	1	0	0	0	0	0	NA	NA
Loris tardigradus	Primates	Loridae	1	0	1	0	0	0	0	0	NA	NA
Nycticebus bengalensis	Primates	Loridae	1	NA	1	0	0	0	0	0	NA	NA
Nycticebus coucang	Primates	Loridae	1	0	1	0	0	0	0	0	Berlin2016June	NA
Nycticebus pygmaeus	Primates	Loridae	1	0	1	0	0	0	0	0	Berlin2016June	NA
Arctocebus aureus	Primates	Lorisidae	1	0	1	0	0	0	0	0	NA	NA
Perodicticus potto	Primates	Lorisidae	1	0	1	0	0	0	0	0	NA	NA
Lepilemur dorsalis	Primates	Megaladapidae	1	1	1	1	1	0	0	0	NA	Espoo2016July
Lepilemur edwardsi	Primates	Megaladapidae	1	1	1	1	1	0	0	0	NA	Espoo2016July
Lepilemur leucopus	Primates	Megaladapidae	1	1	1	1	1	0	0	0	Berlin2016June	Berlin2016June
Lepilemur microdon	Primates	Megaladapidae	1	1	1	1	1	0	0	0	NA	Espoo2016July
Lepilemur mustelinus	Primates	Megaladapidae	1	1	1	1	1	0	0	0	Berlin2016June	Berlin2016June
Lepilemur ruficaudatus	Primates	Megaladapidae	1	1	1	1	1	0	0	0	Berlin2016June	Berlin2016June
Lepilemur septentrionalis	Primates	Megaladapidae	1	1	1	1	1	0	0	0	NA	Espoo2016July
Callicebus bernhardi	Primates	Pitheciidae	1	NA	1	0	0	0	0	0	NA	NA
Callicebus caligatus	Primates	Pitheciidae	1	0	1	0	0	0	0	0	NA	NA
Callicebus discolor	Primates	Pitheciidae	1	NA	1	0	0	0	0	0	NA	NA
Callicebus dubius	Primates	Pitheciidae	1	0	1	0	0	0	0	0	NA	NA
Callicebus lucifer	Primates	Pitheciidae	1	NA	1	0	0	0	0	0	NA	NA
Callicebus lugens	Primates	Pitheciidae	1	NA	1	0	0	0	0	0	NA	NA
Callicebus pallescens	Primates	Pitheciidae	1	NA	1	0	0	0	0	0	NA	NA
Callicebus purinus	Primates	Pitheciidae	1	NA	1	0	0	0	0	0	NA	NA
Callicebus regulus	Primates	Pitheciidae	1	NA	1	0	0	0	0	0	NA	NA
Callicebus stephennashi	Primates	Pitheciidae	1	NA	1	0	0	0	0	0	NA	NA
Chiropotes chiropotes	Primates	Pitheciidae	1	NA	1	0	0	0	0	0	NA	NA
Chiropotes israelita	Primates	Pitheciidae	1	NA	1	0	0	0	0	0	NA	NA
Chiropotes utahickae	Primates	Pitheciidae	1	NA	1	0	0	0	0	0	NA	NA
Tarsius bancanus	Primates	Tarsiidae	1	0	1	0	0	0	0	0	NA	NA
Tarsius dentatus	Primates	Tarsiidae	1	0	1	0	0	0	0	0	NA	NA
Tarsius pelengensis	Primates	Tarsiidae	1	NA	1	0	0	0	0	0	NA	NA
Tarsius pumilus	Primates	Tarsiidae	1	0	1	0	0	0	0	0	NA	NA
Tarsius sangirensis	Primates	Tarsiidae	1	NA	1	0	0	0	0	0	NA	NA
Tarsius syrichta	Primates	Tarsiidae	1	0	1	0	0	0	0	0	NA	NA
Tarsius tarsier	Primates	Tarsiidae	1	0	1	0	0	0	0	0	NA	NA
Elephas maximus	Proboscidea	Elephantidae	3	0	3	0	1	0	1	1	NA	NA
Loxodonta africana	Proboscidea	Elephantidae	3	0	3	0	1	0	1	1	NA	NA
Loxodonta cyclotis	Proboscidea	Elephantidae	3	NA	3	0	1	0	1	1	NA	NA
